{
    "download": 2.456403970718384,
    "detection": 27.640928983688354,
    "bone": 28.022135972976685,
    "behavior": 1.986452579498291,
    "detection_predict": 0.0,
    "bone_predict": 0.0,
    "behavior_predict": 0.0
}