{
    "download": 4.011964321136475,
    "detection": 8.345536708831787,
    "bone": 93.31551790237427,
    "lstm": 0
}